player,level,world,pos,tries,stars,restarts,coins,springs,ramps,chests,canBuyRamps,canBuySprings,canBuyCosmetic,offerContinue,offerDouble,offerSpring,offerStuck,offerWheel,adsWatched,flag
typical,1,1,1,2,2,0,114,0,0,0,2,1,no,0,1,0,0,0,0,
typical,2,1,2,2,2,0,128,0,1,0,4,2,no,0,1,0,0,0,0,
typical,3,1,3,1,3,0,163,0,1,0,5,2,no,0,1,0,0,0,0,
typical,4,1,4,2,2,0,177,0,1,0,5,2,no,0,1,0,0,0,0,
typical,5,1,5,3,2,0,205,0,1,0,6,4,yes,0,1,0,0,0,1,
typical,6,1,6,3,2,0,233,0,4,0,6,4,yes,0,1,0,0,0,1,
typical,7,1,7,3,2,0,247,0,4,0,8,5,yes,0,1,0,0,0,0,
typical,8,1,8,3,2,0,275,0,5,0,8,5,yes,0,1,0,0,1,1,
typical,9,1,9,1,3,0,310,0,5,0,9,6,yes,0,1,0,0,0,0,
typical,10,1,10,3,2,0,373,2,5,0,12,8,yes,0,1,0,0,0,1,
typical,11,1,11,3,2,0,387,2,5,0,12,8,yes,0,1,0,0,0,0,
typical,12,1,12,2,2,0,416,2,5,0,14,8,yes,0,1,0,0,0,0,
typical,13,1,13,2,2,0,465,2,5,0,15,9,yes,0,1,0,0,0,0,
typical,14,1,14,3,2,0,608,3,5,1,20,14,yes,0,1,0,0,0,1,
typical,15,1,15,3,2,0,622,3,5,1,20,14,yes,0,1,0,0,0,0,
typical,16,1,16,2,2,0,650,3,6,1,22,14,yes,0,1,0,0,1,1,
typical,17,1,17,3,2,0,664,2,6,1,22,15,yes,0,1,0,0,0,0,
typical,18,1,18,3,2,0,693,1,6,1,23,15,yes,0,1,0,0,0,0,
typical,19,1,19,3,2,0,707,0,6,1,23,15,yes,0,1,0,0,0,0,
typical,20,1,20,4,1,0,737,0,6,1,24,16,yes,0,1,1,0,0,1,
typical,21,2,1,1,3,0,763,0,7,1,26,16,yes,0,1,0,0,0,0,
typical,22,2,2,3,2,0,782,0,7,1,26,18,yes,0,1,0,0,0,0,
typical,23,2,3,2,2,0,836,0,7,1,28,18,yes,0,1,0,0,0,0,
typical,24,2,4,2,2,0,889,0,10,1,30,19,yes,0,1,0,0,1,2,
typical,25,2,5,2,2,0,967,0,10,1,33,22,yes,0,1,0,0,0,1,
typical,26,2,6,2,2,0,986,0,10,1,33,22,yes,0,1,0,0,0,0,
typical,27,2,7,2,2,0,1085,0,10,1,37,24,yes,0,1,0,0,0,0,
typical,28,2,8,3,2,0,1104,1,10,1,37,24,yes,0,1,0,0,0,0,
typical,29,2,9,3,2,0,1248,1,11,2,43,28,yes,0,1,0,0,0,0,
typical,30,2,10,2,2,0,1366,1,11,2,47,30,yes,0,1,0,0,0,1,
typical,31,2,11,2,2,0,1465,1,10,2,50,33,yes,0,1,0,0,0,0,
typical,32,2,12,4,1,1,1588,1,10,2,54,36,yes,1,1,0,0,1,2,HOARD
typical,33,2,13,2,2,0,1607,1,10,2,56,36,yes,0,1,0,0,0,0,HOARD
typical,34,2,14,3,2,0,1660,1,10,2,57,37,yes,0,1,0,0,0,1,HOARD
typical,35,2,15,3,2,0,1713,1,10,2,58,38,yes,0,1,0,0,0,1,HOARD
typical,36,2,16,5,1,1,1741,2,10,2,60,40,yes,1,1,0,0,0,1,HOARD
typical,37,2,17,4,1,0,1769,1,10,2,61,40,yes,0,1,0,0,0,1,HOARD
typical,38,2,18,4,1,0,1783,0,11,2,61,40,yes,0,1,0,0,0,0,HOARD
typical,39,2,19,4,1,0,1751,0,11,2,60,40,yes,0,1,1,0,0,1,HOARD
typical,40,2,20,2,2,0,1769,0,11,2,61,40,yes,0,1,1,0,1,1,HOARD
typical,41,3,1,3,2,0,1793,0,11,2,61,40,yes,0,1,0,0,0,0,HOARD
typical,42,3,2,2,2,0,1817,0,11,2,62,42,yes,0,1,0,0,0,0,HOARD
typical,43,3,3,2,2,0,1865,1,11,2,64,43,yes,0,1,0,0,0,1,HOARD
typical,44,3,4,4,1,0,1898,1,11,2,65,43,yes,1,1,0,0,0,1,HOARD
typical,45,3,5,3,2,0,1957,1,11,2,66,44,yes,0,1,0,0,0,0,HOARD
typical,46,3,6,3,2,0,2020,1,11,2,70,46,yes,0,1,0,0,0,1,HOARD
typical,47,3,7,4,1,0,2038,1,13,2,70,46,yes,1,1,0,0,0,1,HOARD
typical,48,3,8,3,2,0,2227,2,14,3,76,51,yes,0,1,0,0,1,0,HOARD
typical,49,3,9,3,2,0,2266,2,14,3,78,51,yes,0,1,0,0,0,0,HOARD
typical,50,3,10,4,1,1,2352,2,14,3,80,54,yes,1,1,0,0,0,1,HOARD
typical,51,3,11,4,1,1,2370,2,14,3,82,54,yes,1,1,0,0,0,0,HOARD
typical,52,3,12,2,2,0,2429,2,13,3,84,56,yes,0,1,0,0,0,0,HOARD
typical,53,3,13,2,2,0,2453,2,13,3,85,56,yes,0,1,0,0,0,0,HOARD
typical,54,3,14,2,2,0,2492,2,12,3,86,57,yes,0,1,0,0,0,0,HOARD
typical,55,3,15,4,1,1,2528,2,12,3,88,58,yes,1,1,0,0,0,1,HOARD
typical,56,3,16,4,1,0,2599,2,13,3,89,60,yes,1,1,0,0,1,2,HOARD
typical,57,3,17,2,2,0,2658,1,12,3,92,61,yes,0,1,0,0,0,0,HOARD
typical,58,3,18,5,1,0,2676,0,12,3,92,61,yes,0,1,0,0,0,0,HOARD
typical,59,3,19,3,2,0,2640,0,11,3,92,61,yes,0,1,1,0,0,0,HOARD
typical,60,3,20,2,2,0,2604,0,10,3,90,60,yes,0,1,1,0,0,0,HOARD
typical,61,4,1,2,2,0,2662,0,10,3,92,61,yes,0,1,0,0,0,1,HOARD
typical,62,4,2,3,2,0,2755,0,10,3,94,62,yes,0,1,0,0,0,1,HOARD
typical,63,4,3,2,2,0,2813,0,10,3,98,64,yes,0,1,0,0,0,1,HOARD
typical,64,4,4,2,2,0,3071,0,10,3,106,71,yes,0,1,0,0,1,1,HOARD
typical,65,4,5,3,2,0,3275,0,12,4,113,75,yes,0,1,0,0,0,0,HOARD
typical,66,4,6,4,1,0,3399,0,12,4,117,78,yes,1,1,0,0,0,2,HOARD
typical,67,4,7,4,1,0,3436,0,12,4,118,79,yes,1,1,0,0,0,1,HOARD
typical,68,4,8,2,2,0,3494,0,12,4,121,80,yes,0,1,0,0,0,1,HOARD
typical,69,4,9,3,2,0,3552,0,12,4,122,82,yes,0,1,0,0,0,1,HOARD
typical,70,4,10,3,2,0,3610,0,11,4,126,84,yes,0,1,0,0,0,1,HOARD
typical,71,4,11,4,1,0,3654,0,12,4,127,84,yes,1,1,0,0,0,2,HOARD
typical,72,4,12,2,2,0,3718,0,12,4,128,85,yes,0,1,0,0,1,0,HOARD
typical,73,4,13,5,1,0,3740,0,12,4,130,86,yes,1,1,0,0,0,1,HOARD
typical,74,4,14,5,1,0,3784,0,12,4,131,88,yes,1,1,0,0,0,2,HOARD
typical,75,4,15,2,2,0,3842,0,12,4,134,89,yes,0,1,0,0,0,1,HOARD
typical,76,4,16,5,1,0,3879,0,12,4,134,89,yes,1,1,0,0,0,1,HOARD
typical,77,4,17,2,2,0,3848,0,11,4,134,89,yes,0,1,1,0,0,0,HOARD
typical,78,4,18,3,2,0,3817,0,10,4,132,88,yes,0,1,1,0,0,0,HOARD
typical,79,4,19,5,1,0,3836,0,10,4,132,88,yes,0,1,1,0,0,1,HOARD
typical,80,4,20,2,2,0,3825,0,9,4,132,88,yes,0,1,1,0,1,0,HOARD
typical,81,5,1,3,2,0,3908,0,9,4,135,90,yes,0,1,0,0,0,1,HOARD
typical,82,5,2,4,1,1,3934,0,9,4,136,90,yes,1,1,0,0,0,0,HOARD
typical,83,5,3,3,2,0,3968,0,9,4,138,92,yes,0,1,0,0,0,0,HOARD
typical,84,5,4,3,2,0,4271,1,9,5,148,99,yes,0,1,0,0,0,1,HOARD
typical,85,5,5,3,2,0,4339,1,9,5,150,100,yes,0,1,0,0,0,1,HOARD
typical,86,5,6,2,2,0,4373,2,8,5,152,100,yes,0,1,0,0,0,0,HOARD
typical,87,5,7,5,1,1,4399,3,8,5,152,102,yes,1,1,0,0,0,0,HOARD
typical,88,5,8,5,1,1,4480,3,8,5,156,103,yes,1,1,0,0,1,0,HOARD
typical,89,5,9,2,2,0,4548,3,7,5,158,104,yes,0,1,0,0,0,1,HOARD
typical,90,5,10,3,2,0,4616,3,6,5,160,106,yes,0,1,0,0,0,1,HOARD
typical,91,5,11,6,1,1,4657,3,6,5,162,107,yes,1,1,0,0,0,0,HOARD
typical,92,5,12,5,1,1,4683,3,6,5,163,108,yes,1,1,0,0,0,0,HOARD
typical,93,5,13,3,2,0,4732,3,5,5,164,108,yes,0,1,0,0,0,0,HOARD
typical,94,5,14,5,1,0,4758,3,5,5,164,110,yes,1,1,0,0,0,1,HOARD
typical,95,5,15,3,2,0,4892,3,4,5,170,113,yes,0,1,0,0,0,0,HOARD
typical,96,5,16,4,1,1,5059,3,4,5,176,117,yes,1,1,0,0,1,1,HOARD
typical,97,5,17,6,1,1,5111,2,4,5,177,118,yes,1,1,0,0,0,1,HOARD
typical,98,5,18,3,2,0,5145,1,3,5,178,118,yes,0,1,0,0,0,0,HOARD
typical,99,5,19,5,1,0,5197,0,3,5,180,120,yes,0,1,0,0,0,1,HOARD
typical,100,5,20,5,1,0,5189,0,3,5,180,120,yes,0,1,1,0,0,1,HOARD
typical,101,6,1,5,1,1,5321,0,3,5,186,122,yes,1,1,0,0,0,1,HOARD
typical,102,6,2,4,1,0,5427,0,3,5,188,126,yes,1,1,0,0,0,1,HOARD
typical,103,6,3,3,2,0,5461,0,3,5,190,127,yes,0,1,0,0,0,0,HOARD
typical,104,6,4,5,1,0,5593,0,4,5,194,130,yes,1,1,0,0,1,3,HOARD
typical,105,6,5,4,1,1,5619,0,5,5,196,130,yes,1,1,0,0,0,0,HOARD
typical,106,6,6,5,1,1,5896,0,6,6,205,136,yes,1,1,0,0,0,1,HOARD
typical,107,6,7,4,1,1,5948,0,6,6,206,138,yes,1,1,0,0,0,1,HOARD
typical,108,6,8,5,1,0,6035,0,6,6,210,140,yes,1,1,0,0,0,2,HOARD
typical,109,6,9,5,1,1,6087,0,6,6,212,141,yes,1,1,0,0,0,1,HOARD
typical,110,6,10,6,1,0,6139,0,6,6,214,142,yes,1,1,0,0,0,2,HOARD
typical,111,6,1,2,2,0,6207,0,5,6,216,144,yes,0,1,0,0,0,1,HOARD
typical,112,6,2,3,2,0,6261,0,5,6,218,145,yes,0,1,0,0,1,0,HOARD
typical,113,6,3,4,1,1,6287,0,5,6,219,145,yes,1,1,0,0,0,0,HOARD
typical,114,6,4,4,1,0,6354,0,5,6,220,146,yes,1,1,0,0,0,2,HOARD
typical,115,6,5,5,1,1,6406,0,5,6,224,148,yes,1,1,0,0,0,1,HOARD
typical,116,6,6,5,1,1,6458,0,5,6,225,149,yes,1,1,0,0,0,1,HOARD
typical,117,6,7,4,1,0,6545,0,5,6,228,152,yes,1,1,0,0,0,2,HOARD
typical,118,6,8,5,1,0,6771,0,5,6,236,156,yes,1,1,0,0,0,1,HOARD
typical,119,6,9,6,1,0,6838,0,5,6,238,158,yes,1,1,0,0,0,2,HOARD
typical,120,6,10,6,1,1,6884,0,6,6,240,159,yes,1,1,0,0,1,0,HOARD
typical,121,7,1,5,1,0,6971,0,6,6,243,162,yes,1,1,0,0,0,2,HOARD
typical,122,7,2,2,2,0,7005,0,6,6,244,162,yes,0,1,0,0,0,0,HOARD
typical,123,7,3,4,1,1,7031,1,6,6,244,163,yes,1,1,0,0,0,0,HOARD
typical,124,7,4,4,1,0,7057,2,5,6,246,163,yes,1,1,0,0,0,1,HOARD
typical,125,7,5,5,1,1,7083,2,5,6,247,164,yes,1,1,0,0,0,0,HOARD
typical,126,7,6,5,1,1,7109,2,5,6,247,164,yes,1,1,0,0,0,0,HOARD
typical,127,7,7,6,1,0,7335,2,5,6,256,170,yes,1,1,0,0,0,1,HOARD
typical,128,7,8,5,1,1,7381,3,5,6,257,172,yes,1,1,0,0,1,0,HOARD
typical,129,7,9,5,1,1,7422,3,5,6,258,172,yes,1,1,0,0,0,0,HOARD
typical,130,7,10,3,2,0,7490,3,4,6,261,173,yes,0,1,0,0,0,1,HOARD
typical,131,7,1,2,2,0,7843,4,3,7,274,182,yes,0,1,0,0,0,1,HOARD
typical,132,7,2,5,1,0,7895,4,3,7,275,183,yes,1,1,0,0,0,2,HOARD
typical,133,7,3,3,2,0,7929,4,2,7,276,184,yes,0,1,0,0,0,0,HOARD
typical,134,7,4,6,1,1,8061,4,2,7,281,187,yes,1,1,0,0,0,1,HOARD
typical,135,7,5,3,2,0,8110,4,1,7,282,188,yes,0,1,0,0,0,0,HOARD
typical,136,7,6,6,1,1,8156,4,2,7,284,188,yes,1,1,0,0,1,1,HOARD
typical,137,7,7,6,1,0,8182,4,2,7,285,190,yes,1,1,0,0,0,1,HOARD
typical,138,7,8,5,1,1,8208,4,2,7,286,190,yes,1,1,0,0,0,0,HOARD
typical,139,7,9,6,1,1,8275,4,2,7,288,191,yes,1,1,0,0,0,1,HOARD
typical,140,7,10,5,1,0,8301,4,3,7,289,192,yes,1,1,0,0,0,1,HOARD
typical,141,8,1,3,2,0,8384,4,2,7,292,194,yes,0,1,0,0,0,1,HOARD
typical,142,8,2,6,1,0,8410,4,2,7,294,196,yes,1,1,0,0,0,1,HOARD
typical,143,8,3,6,1,1,8462,4,2,7,295,197,yes,1,1,0,0,0,1,HOARD
typical,144,8,4,6,1,0,8608,4,3,7,300,200,yes,1,1,0,0,1,2,HOARD
typical,145,8,5,6,1,0,8634,4,3,7,300,200,yes,1,1,0,0,0,1,HOARD
typical,146,8,6,6,1,0,8740,4,3,7,304,202,yes,1,1,0,0,0,1,HOARD
typical,147,8,7,7,1,2,8807,4,3,7,308,204,yes,2,1,0,1,0,1,HOARD
typical,148,8,8,6,1,0,8833,4,3,7,308,205,yes,1,1,0,0,0,1,HOARD
typical,149,8,9,4,1,0,8859,4,2,7,309,205,yes,1,1,0,0,0,1,HOARD
typical,150,8,10,5,1,1,8920,4,1,7,312,206,yes,1,1,0,0,0,0,HOARD
struggling,1,1,1,4,1,0,120,0,0,0,4,2,no,1,1,0,0,0,2,
struggling,2,1,2,3,2,0,148,0,0,0,4,2,no,0,1,0,0,0,1,
struggling,3,1,3,2,2,0,211,0,0,0,6,4,yes,0,1,0,0,0,1,
struggling,4,1,4,4,1,0,256,0,0,0,8,5,yes,1,1,0,0,0,1,
struggling,5,1,5,2,2,0,284,0,0,0,9,5,yes,0,1,0,0,0,1,
struggling,6,1,6,2,2,0,272,0,0,0,8,5,yes,0,1,0,0,0,1,
struggling,7,1,7,3,2,0,300,0,0,0,9,6,yes,0,1,0,0,0,1,
struggling,8,1,8,3,2,0,369,0,0,0,12,8,yes,0,1,0,0,1,0,
struggling,9,1,9,3,2,0,343,0,0,0,10,6,yes,0,1,0,0,0,0,
struggling,10,1,10,5,1,0,363,2,0,0,12,8,yes,1,1,0,0,0,2,
struggling,11,1,11,3,2,0,377,2,0,0,12,8,yes,0,1,0,0,0,0,
struggling,12,1,12,5,1,0,387,2,0,0,12,8,yes,1,1,0,0,0,1,
struggling,13,1,13,2,2,0,375,2,0,0,12,8,yes,0,1,0,0,0,1,
struggling,14,1,14,4,1,0,355,2,0,0,10,6,yes,1,1,0,0,0,2,
struggling,15,1,15,3,2,0,369,2,0,0,12,8,yes,0,1,0,0,0,0,
struggling,16,1,16,4,1,0,369,3,1,0,12,8,yes,1,1,0,0,1,3,
struggling,17,1,17,3,2,0,412,2,1,0,14,8,yes,0,1,0,0,0,1,
struggling,18,1,18,6,1,0,432,1,0,0,14,9,yes,1,1,0,0,0,2,
struggling,19,1,19,4,1,0,502,1,0,1,16,10,yes,0,1,0,0,0,0,
struggling,20,1,20,2,2,0,505,0,1,1,16,10,yes,0,1,0,0,0,1,
struggling,21,2,1,2,2,0,524,0,0,1,18,10,yes,0,1,0,0,0,0,
struggling,22,2,2,4,1,1,552,0,0,1,18,12,yes,1,1,0,0,0,1,
struggling,23,2,3,5,1,0,580,0,0,1,19,12,yes,1,1,0,0,0,2,
struggling,24,2,4,2,2,0,678,0,1,1,22,15,yes,0,1,0,0,1,2,
struggling,25,2,5,3,2,0,716,0,0,1,23,15,yes,0,1,0,0,0,1,
struggling,26,2,6,3,2,0,695,1,0,1,23,15,yes,0,1,0,0,0,0,
struggling,27,2,7,3,2,0,708,1,0,1,23,15,yes,0,1,0,0,0,1,
struggling,28,2,8,6,1,1,742,1,0,1,24,16,yes,1,1,0,0,0,0,
struggling,29,2,9,3,2,0,721,1,2,1,24,16,yes,0,1,0,0,0,0,
struggling,30,2,10,4,1,1,735,2,2,1,24,16,yes,1,1,0,0,0,0,
struggling,31,2,11,6,1,0,764,2,2,1,26,16,yes,1,1,0,0,0,1,
struggling,32,2,12,6,1,0,832,2,2,1,28,18,yes,1,1,0,0,1,2,
struggling,33,2,13,5,1,1,895,2,1,1,30,19,yes,1,1,0,0,0,1,
struggling,34,2,14,3,2,0,914,2,0,1,30,20,yes,0,1,0,0,0,0,
struggling,35,2,15,3,2,0,927,2,0,1,32,20,yes,0,1,0,0,0,1,
struggling,36,2,16,4,1,0,936,2,0,1,32,20,yes,1,1,0,0,0,1,
struggling,37,2,17,7,1,0,964,1,0,1,33,22,yes,1,1,0,0,0,2,
struggling,38,2,18,5,1,0,952,0,1,1,32,20,yes,0,1,0,0,0,1,
struggling,39,2,19,7,1,0,935,0,1,1,32,20,yes,1,1,1,0,0,2,
struggling,40,2,20,5,1,0,1029,0,2,2,34,23,yes,0,1,1,0,1,0,
struggling,41,3,1,3,2,0,1053,0,2,2,36,23,yes,0,1,0,0,0,0,
struggling,42,3,2,2,2,0,1077,0,1,2,36,23,yes,0,1,0,0,0,0,
struggling,43,3,3,3,2,0,1125,0,1,2,38,24,yes,0,1,0,0,0,1,
struggling,44,3,4,5,1,0,1161,0,1,2,40,26,yes,1,1,0,0,0,2,
struggling,45,3,5,3,2,0,1209,0,1,2,42,28,yes,0,1,0,0,0,1,
struggling,46,3,6,5,1,1,1227,0,1,2,42,28,yes,1,1,0,0,0,0,
struggling,47,3,7,4,1,0,1263,0,0,2,43,29,yes,1,1,0,0,0,2,
struggling,48,3,8,2,2,0,1291,0,0,2,44,29,yes,0,1,0,0,1,1,
struggling,49,3,9,4,1,1,1342,0,0,2,46,30,yes,1,1,0,0,0,1,
struggling,50,3,10,4,1,0,1355,1,0,2,46,30,yes,1,1,0,0,0,1,
struggling,51,3,11,2,2,0,1363,2,0,2,47,30,yes,0,1,0,0,0,1,
struggling,52,3,12,4,1,0,1374,2,0,2,47,30,yes,1,1,0,0,0,2,
struggling,53,3,13,4,1,0,1352,2,0,2,46,30,yes,1,1,0,0,0,1,
struggling,54,3,14,7,1,0,1370,2,0,2,47,30,yes,2,1,0,0,0,2,
struggling,55,3,15,4,1,0,1366,2,0,2,47,30,yes,1,1,0,0,0,2,
struggling,56,3,16,3,2,0,1454,2,1,2,50,33,yes,0,1,0,0,1,2,
struggling,57,3,17,9,1,1,1505,1,1,2,51,34,yes,2,1,0,0,0,2,HOARD
struggling,58,3,18,6,1,0,1523,0,1,2,52,34,yes,1,1,0,0,0,1,HOARD
struggling,59,3,19,4,1,0,1499,0,0,2,51,33,yes,0,1,1,0,0,1,
struggling,60,3,20,9,1,1,1475,0,0,2,50,33,yes,1,1,1,0,0,1,
struggling,61,4,1,3,2,0,1533,0,1,2,52,34,yes,0,1,0,0,0,1,HOARD
struggling,62,4,2,3,2,0,1776,1,0,3,61,40,yes,0,1,0,0,0,1,HOARD
struggling,63,4,3,5,1,0,1795,1,0,3,61,40,yes,1,1,0,0,0,2,HOARD
struggling,64,4,4,4,1,0,1817,1,3,3,62,42,yes,1,1,0,0,1,2,HOARD
struggling,65,4,5,7,1,1,1896,1,3,3,65,43,yes,2,1,0,0,0,2,HOARD
struggling,66,4,6,6,1,0,1940,1,2,3,66,44,yes,1,1,0,0,0,2,HOARD
struggling,67,4,7,4,1,0,1997,1,1,3,68,46,yes,1,1,0,0,0,1,HOARD
struggling,68,4,8,2,2,0,2061,1,0,3,71,47,yes,0,1,0,0,0,0,HOARD
struggling,69,4,9,2,2,0,2079,1,0,3,71,47,yes,0,1,0,0,0,1,HOARD
struggling,70,4,10,6,1,0,2096,1,0,3,72,47,yes,1,1,0,0,0,1,HOARD
struggling,71,4,11,4,1,1,2100,1,0,3,72,48,yes,1,1,0,0,0,1,HOARD
struggling,72,4,12,9,1,1,2164,1,2,3,75,50,yes,2,1,0,0,1,3,HOARD
struggling,73,4,13,4,1,1,2208,2,1,3,76,50,yes,1,1,0,0,0,1,HOARD
struggling,74,4,14,4,1,0,2252,2,0,3,78,51,yes,1,1,0,0,0,2,HOARD
struggling,75,4,15,5,1,1,2256,3,0,3,78,51,yes,1,1,0,0,0,1,HOARD
struggling,76,4,16,5,1,1,2238,3,0,3,76,51,yes,1,1,0,0,0,0,HOARD
struggling,77,4,17,6,1,1,2260,2,0,3,78,51,yes,1,1,0,0,0,0,HOARD
struggling,78,4,18,7,1,1,2264,1,0,3,78,51,yes,1,1,0,0,0,1,HOARD
struggling,79,4,19,7,1,0,2261,0,0,3,78,51,yes,1,1,0,0,0,1,HOARD
struggling,80,4,20,6,1,0,2280,0,2,3,79,52,yes,1,1,1,0,1,3,HOARD
struggling,81,5,1,4,1,1,2332,0,1,3,80,52,yes,1,1,0,0,0,1,HOARD
struggling,82,5,2,6,1,0,2373,0,1,3,82,54,yes,1,1,0,0,0,1,HOARD
struggling,83,5,3,5,1,1,2414,0,0,3,84,56,yes,1,1,0,0,0,0,HOARD
struggling,84,5,4,4,1,0,2466,1,0,3,85,57,yes,1,1,0,0,0,2,HOARD
struggling,85,5,5,4,1,0,2478,1,1,3,85,57,yes,1,1,0,0,0,2,HOARD
struggling,86,5,6,3,2,0,2546,1,0,3,88,58,yes,0,1,0,0,0,1,HOARD
struggling,87,5,7,7,1,2,2633,1,0,3,90,60,yes,2,1,0,1,0,1,HOARD
struggling,88,5,8,6,1,0,2854,1,2,4,99,65,yes,1,1,0,0,1,1,HOARD
struggling,89,5,9,5,1,0,2921,1,1,4,102,66,yes,1,1,0,0,0,2,HOARD
struggling,90,5,10,9,1,1,2947,1,1,4,102,68,yes,2,1,0,0,0,1,HOARD
struggling,91,5,11,6,1,0,2999,1,1,4,103,68,yes,1,1,0,0,0,2,HOARD
struggling,92,5,12,7,1,1,3025,1,0,4,104,70,yes,2,1,0,0,0,1,HOARD
struggling,93,5,13,7,1,0,3052,1,0,4,106,70,yes,2,1,0,0,0,3,HOARD
struggling,94,5,14,5,1,0,3124,1,0,4,108,72,yes,1,1,0,0,0,2,HOARD
struggling,95,5,15,7,1,0,3150,1,0,4,108,72,yes,2,1,0,0,0,2,HOARD
struggling,96,5,16,10,1,3,3216,2,0,4,112,74,yes,3,1,0,1,1,1,HOARD
struggling,97,5,17,5,1,0,3228,1,0,4,112,74,yes,0,1,0,0,0,1,HOARD
struggling,98,5,18,5,1,0,3240,0,0,4,113,75,yes,0,1,0,0,0,1,HOARD
struggling,99,5,19,6,1,1,3192,0,0,4,110,74,yes,1,1,1,0,0,1,HOARD
struggling,100,5,20,7,1,0,3118,0,0,4,107,71,yes,1,1,1,0,0,1,HOARD
struggling,101,6,1,6,1,0,3130,0,0,4,108,72,yes,1,1,0,0,0,2,HOARD
struggling,102,6,2,4,1,1,3116,0,0,4,107,71,yes,1,1,0,0,0,0,HOARD
struggling,103,6,3,6,1,1,3143,0,0,4,108,72,yes,1,1,0,0,0,1,HOARD
struggling,104,6,4,5,1,1,3209,0,0,4,112,74,yes,1,1,0,0,1,0,HOARD
struggling,105,6,5,7,1,0,3270,0,0,4,113,75,yes,2,1,0,0,0,2,HOARD
struggling,106,6,6,6,1,0,3282,0,0,4,114,75,yes,1,1,0,0,0,2,HOARD
struggling,107,6,7,7,1,0,3268,0,0,4,113,75,yes,2,1,0,0,0,2,HOARD
struggling,108,6,8,4,1,0,3269,0,0,4,113,75,yes,1,1,0,0,0,1,HOARD
struggling,109,6,9,7,1,0,3296,0,0,4,114,75,yes,2,1,0,0,0,3,HOARD
struggling,110,6,10,4,1,1,3308,0,0,4,114,76,yes,1,1,0,0,0,1,HOARD
struggling,111,6,1,3,2,0,3302,0,0,4,114,76,yes,0,1,0,0,0,0,HOARD
struggling,112,6,2,6,1,0,3328,0,1,4,116,76,yes,1,1,0,0,1,1,HOARD
struggling,113,6,3,3,2,0,3411,0,0,4,118,78,yes,0,1,0,0,0,1,HOARD
struggling,114,6,4,5,1,0,3423,0,0,4,118,79,yes,1,1,0,0,0,2,HOARD
struggling,115,6,5,8,1,0,3475,0,0,4,120,79,yes,2,1,0,0,0,3,HOARD
struggling,116,6,6,4,1,0,3687,1,0,5,128,85,yes,1,1,0,0,0,2,HOARD
struggling,117,6,7,5,1,1,3673,1,0,5,127,85,yes,1,1,0,0,0,0,HOARD
struggling,118,6,8,9,1,0,3699,1,0,5,128,85,yes,2,1,0,0,0,2,HOARD
struggling,119,6,9,6,1,1,3685,1,1,5,128,85,yes,1,1,0,0,0,0,HOARD
struggling,120,6,10,8,1,1,3711,1,3,5,128,85,yes,2,1,0,0,1,2,HOARD
struggling,121,7,1,5,1,0,3963,1,2,5,138,92,yes,1,1,0,0,0,2,HOARD
struggling,122,7,2,7,1,2,4030,1,1,5,140,93,yes,2,1,0,1,0,1,HOARD
struggling,123,7,3,5,1,0,4082,1,0,5,142,94,yes,1,1,0,0,0,2,HOARD
struggling,124,7,4,9,1,0,4134,1,1,5,144,94,yes,2,1,0,0,0,3,HOARD
struggling,125,7,5,7,1,1,4175,1,0,5,145,96,yes,2,1,0,0,0,1,HOARD
struggling,126,7,6,7,1,0,4227,1,0,5,146,98,yes,2,1,0,0,0,3,HOARD
struggling,127,7,7,5,1,0,4239,1,0,5,146,98,yes,1,1,0,0,0,2,HOARD
struggling,128,7,8,8,1,0,4331,1,1,5,150,100,yes,2,1,0,0,1,4,HOARD
struggling,129,7,9,5,1,0,4418,1,0,5,154,102,yes,1,1,0,0,0,2,HOARD
struggling,130,7,10,6,1,1,4404,1,0,5,154,102,yes,1,1,0,0,0,0,HOARD
struggling,131,7,1,7,1,0,4430,1,0,5,154,102,yes,2,1,0,0,0,2,HOARD
struggling,132,7,2,6,1,0,4416,1,0,5,154,102,yes,1,1,0,0,0,1,HOARD
struggling,133,7,3,9,1,1,4468,1,0,5,155,103,yes,2,1,0,0,0,2,HOARD
struggling,134,7,4,6,1,0,4520,1,0,5,158,104,yes,1,1,0,0,0,2,HOARD
struggling,135,7,5,7,1,1,4546,1,0,5,158,104,yes,2,1,0,0,0,1,HOARD
struggling,136,7,6,7,1,0,4633,1,0,5,160,107,yes,2,1,0,0,1,4,HOARD
struggling,137,7,7,4,1,0,4619,1,0,5,160,106,yes,1,1,0,0,0,1,HOARD
struggling,138,7,8,8,1,0,4631,2,0,5,160,107,yes,2,1,0,0,0,3,HOARD
struggling,139,7,9,7,1,0,4683,2,0,5,163,108,yes,2,1,0,0,0,3,HOARD
struggling,140,7,10,7,1,1,4704,2,0,5,163,108,yes,2,1,0,0,0,1,HOARD
struggling,141,8,1,6,1,1,4725,2,0,5,164,108,yes,1,1,0,0,0,0,HOARD
struggling,142,8,2,7,1,1,4737,2,0,5,164,108,yes,2,1,0,0,0,2,HOARD
struggling,143,8,3,7,1,0,4789,2,0,5,166,110,yes,2,1,0,0,0,3,HOARD
struggling,144,8,4,8,1,1,4856,2,0,5,169,112,yes,2,1,0,0,1,2,HOARD
struggling,145,8,5,7,1,0,4882,2,0,5,170,113,yes,2,1,0,0,0,2,HOARD
struggling,146,8,6,6,1,0,5119,2,1,6,177,118,yes,1,1,0,0,0,2,HOARD
struggling,147,8,7,6,1,0,5145,2,1,6,178,118,yes,1,1,0,0,0,1,HOARD
struggling,148,8,8,8,1,1,5171,2,1,6,180,120,yes,2,1,0,0,0,1,HOARD
struggling,149,8,9,9,1,2,5197,2,0,6,180,120,yes,2,1,0,1,0,0,HOARD
struggling,150,8,10,7,1,1,5209,2,0,6,182,120,yes,2,1,0,0,0,2,HOARD
skilled,1,1,1,1,3,0,120,0,0,0,4,2,no,0,1,0,0,0,0,
skilled,2,1,2,1,3,0,140,0,1,0,4,2,no,0,1,0,0,0,0,
skilled,3,1,3,1,3,0,175,0,1,0,5,2,no,0,1,0,0,0,0,
skilled,4,1,4,2,2,0,204,0,1,0,6,4,yes,0,1,0,0,0,0,
skilled,5,1,5,1,3,0,224,0,1,0,6,4,yes,0,1,0,0,0,0,
skilled,6,1,6,1,3,0,244,0,1,0,8,5,yes,0,1,0,0,0,0,
skilled,7,1,7,2,2,0,258,0,1,0,8,5,yes,0,1,0,0,0,0,
skilled,8,1,8,2,2,0,272,0,3,0,8,5,yes,0,1,0,0,1,0,
skilled,9,1,9,1,3,0,307,0,3,0,9,6,yes,0,1,0,0,0,0,
skilled,10,1,10,2,2,0,370,2,3,0,12,8,yes,0,1,0,0,0,1,
skilled,11,1,11,2,2,0,399,2,3,0,12,8,yes,0,1,0,0,0,0,
skilled,12,1,12,2,2,0,542,3,3,1,18,12,yes,0,1,0,0,0,1,
skilled,13,1,13,2,2,0,571,3,3,1,19,12,yes,0,1,0,0,0,0,
skilled,14,1,14,1,3,0,626,3,3,1,20,14,yes,0,1,0,0,0,0,
skilled,15,1,15,3,2,0,640,3,3,1,22,14,yes,0,1,0,0,0,0,
skilled,16,1,16,1,3,0,680,3,5,1,23,15,yes,0,1,0,0,1,1,
skilled,17,1,17,2,2,0,709,2,5,1,23,15,yes,0,1,0,0,0,0,
skilled,18,1,18,2,2,0,752,1,5,1,24,16,yes,0,1,0,0,0,1,
skilled,19,1,19,3,2,0,766,0,5,1,26,16,yes,0,1,0,0,0,0,
skilled,20,1,20,3,2,0,790,0,5,1,26,18,yes,0,1,1,0,0,0,
skilled,21,2,1,1,3,0,816,0,6,1,28,18,yes,0,1,0,0,0,0,
skilled,22,2,2,2,2,0,835,0,6,1,28,18,yes,0,1,0,0,0,0,
skilled,23,2,3,1,3,0,896,0,6,1,30,19,yes,0,1,0,0,0,0,
skilled,24,2,4,1,3,0,963,0,9,1,33,22,yes,0,1,0,0,1,2,
skilled,25,2,5,1,3,0,1180,0,10,2,40,26,yes,0,1,0,0,0,1,
skilled,26,2,6,1,3,0,1221,0,10,2,42,28,yes,0,1,0,0,0,0,
skilled,27,2,7,3,2,0,1240,0,10,2,43,28,yes,0,1,0,0,0,0,
skilled,28,2,8,2,2,0,1259,1,10,2,43,28,yes,0,1,0,0,0,0,
skilled,29,2,9,2,2,0,1278,1,10,2,43,29,yes,0,1,0,0,0,0,
skilled,30,2,10,1,3,0,1410,1,10,2,48,32,yes,0,1,0,0,0,1,
skilled,31,2,11,3,2,0,1483,1,10,2,51,33,yes,0,1,0,0,0,1,
skilled,32,2,12,3,2,0,1522,1,12,2,52,34,yes,0,1,0,0,1,1,HOARD
skilled,33,2,13,2,2,0,1556,1,12,2,52,34,yes,0,1,0,0,0,0,HOARD
skilled,34,2,14,3,2,0,1590,1,12,2,54,36,yes,0,1,0,0,0,0,HOARD
skilled,35,2,15,2,2,0,1663,1,12,2,57,37,yes,0,1,0,0,0,1,HOARD
skilled,36,2,16,2,2,0,1682,1,12,2,58,38,yes,0,1,0,0,0,0,HOARD
skilled,37,2,17,2,2,0,1716,0,12,2,58,38,yes,0,1,0,0,0,0,HOARD
skilled,38,2,18,3,2,0,1840,1,12,3,64,42,yes,0,1,1,0,0,0,HOARD
skilled,39,2,19,3,2,0,1939,0,12,3,66,44,yes,0,1,0,0,0,0,HOARD
skilled,40,2,20,2,2,0,1973,0,14,3,68,44,yes,0,1,1,0,1,1,HOARD
skilled,41,3,1,1,3,0,2052,0,14,3,71,47,yes,0,1,0,0,0,1,HOARD
skilled,42,3,2,2,2,0,2116,0,14,3,72,48,yes,0,1,0,0,0,0,HOARD
skilled,43,3,3,2,2,0,2140,0,15,3,74,48,yes,0,1,0,0,0,0,HOARD
skilled,44,3,4,1,3,0,2172,0,15,3,75,50,yes,0,1,0,0,0,0,HOARD
skilled,45,3,5,2,2,0,2196,0,16,3,75,50,yes,0,1,0,0,0,0,HOARD
skilled,46,3,6,2,2,0,2279,0,16,3,78,51,yes,0,1,0,0,0,1,HOARD
skilled,47,3,7,1,3,0,2346,0,16,3,80,54,yes,0,1,0,0,0,0,HOARD
skilled,48,3,8,1,3,0,2510,0,16,3,86,57,yes,0,1,0,0,1,2,HOARD
skilled,49,3,9,1,3,0,2542,0,16,3,88,58,yes,0,1,0,0,0,0,HOARD
skilled,50,3,10,1,3,0,2779,0,18,4,96,64,yes,0,1,0,0,0,0,HOARD
skilled,51,3,11,2,2,0,2883,0,18,4,100,66,yes,0,1,0,0,0,0,HOARD
skilled,52,3,12,2,2,0,2946,0,18,4,102,68,yes,0,1,0,0,0,1,HOARD
skilled,53,3,13,3,2,0,3029,0,18,4,104,70,yes,0,1,0,0,0,1,HOARD
skilled,54,3,14,2,2,0,3053,0,19,4,106,70,yes,0,1,0,0,0,0,HOARD
skilled,55,3,15,3,2,0,3077,0,20,4,106,71,yes,0,1,0,0,0,0,HOARD
skilled,56,3,16,2,2,0,3156,0,20,4,108,72,yes,0,1,0,0,1,0,HOARD
skilled,57,3,17,3,2,0,3120,1,20,4,108,72,yes,0,1,1,0,0,0,HOARD
skilled,58,3,18,2,2,0,3168,0,22,4,110,72,yes,0,1,0,0,0,1,HOARD
skilled,59,3,19,2,2,0,3132,0,23,4,108,72,yes,0,1,1,0,0,0,HOARD
skilled,60,3,20,2,2,0,3155,0,23,4,108,72,yes,0,1,1,0,0,1,HOARD
skilled,61,4,1,2,2,0,3184,1,23,4,110,74,yes,0,1,0,0,0,0,HOARD
skilled,62,4,2,1,3,0,3222,1,23,4,112,74,yes,0,1,0,0,0,0,HOARD
skilled,63,4,3,3,2,0,3331,1,23,4,116,76,yes,0,1,0,0,0,0,HOARD
skilled,64,4,4,1,3,0,3569,2,27,5,124,82,yes,0,1,0,0,1,1,HOARD
skilled,65,4,5,2,2,0,3613,2,27,5,126,84,yes,0,1,0,0,0,0,HOARD
skilled,66,4,6,2,2,0,3657,2,27,5,127,84,yes,0,1,0,0,0,0,HOARD
skilled,67,4,7,1,3,0,3710,2,27,5,128,85,yes,0,1,0,0,0,0,HOARD
skilled,68,4,8,2,2,0,3848,2,27,5,134,89,yes,0,1,0,0,0,1,HOARD
skilled,69,4,9,2,2,0,3877,2,28,5,134,89,yes,0,1,0,0,0,0,HOARD
skilled,70,4,10,3,2,0,3941,2,28,5,136,90,yes,0,1,0,0,0,0,HOARD
skilled,71,4,11,1,3,0,3979,2,28,5,138,92,yes,0,1,0,0,0,0,HOARD
skilled,72,4,12,3,2,0,4063,2,28,5,141,93,yes,0,1,0,0,1,0,HOARD
skilled,73,4,13,2,2,0,4156,2,28,5,144,96,yes,0,1,0,0,0,1,HOARD
skilled,74,4,14,3,2,0,4185,2,29,5,145,96,yes,0,1,0,0,0,0,HOARD
skilled,75,4,15,3,2,0,4323,2,29,5,150,100,yes,0,1,0,0,0,1,HOARD
skilled,76,4,16,3,2,0,4367,2,29,5,152,100,yes,0,1,0,0,0,0,HOARD
skilled,77,4,17,2,2,0,4411,1,29,5,154,102,yes,0,1,0,0,0,0,HOARD
skilled,78,4,18,3,2,0,4709,0,30,6,163,108,yes,0,1,0,0,0,1,HOARD
skilled,79,4,19,3,2,0,4693,0,30,6,163,108,yes,0,1,1,0,0,0,HOARD
skilled,80,4,20,3,2,0,4682,0,33,6,163,108,yes,0,1,1,0,1,1,HOARD
skilled,81,5,1,1,3,0,4787,0,33,6,166,110,yes,0,1,0,0,0,1,HOARD
skilled,82,5,2,2,2,0,4821,0,33,6,168,112,yes,0,1,0,0,0,0,HOARD
skilled,83,5,3,2,2,0,4870,0,33,6,169,113,yes,0,1,0,0,0,0,HOARD
skilled,84,5,4,1,3,0,4960,0,34,6,173,114,yes,0,1,0,0,0,1,HOARD
skilled,85,5,5,2,2,0,5063,0,34,6,176,117,yes,0,1,0,0,0,1,HOARD
skilled,86,5,6,2,2,0,5132,0,34,6,178,118,yes,0,1,0,0,0,0,HOARD
skilled,87,5,7,2,2,0,5200,0,35,6,182,120,yes,0,1,0,0,0,1,HOARD
skilled,88,5,8,3,2,0,5323,0,35,6,186,122,yes,0,1,0,0,1,1,HOARD
skilled,89,5,9,1,3,0,5368,0,35,6,187,124,yes,0,1,0,0,0,0,HOARD
skilled,90,5,10,3,2,0,5417,0,35,6,188,126,yes,0,1,0,0,0,0,HOARD
skilled,91,5,11,3,2,0,5466,0,35,6,190,127,yes,0,1,0,0,0,0,HOARD
skilled,92,5,12,2,2,0,5765,1,35,7,201,134,yes,0,1,0,0,0,0,HOARD
skilled,93,5,13,3,2,0,5859,1,35,7,204,135,yes,0,1,0,0,0,0,HOARD
skilled,94,5,14,3,2,0,5893,1,35,7,205,136,yes,0,1,0,0,0,0,HOARD
skilled,95,5,15,3,2,0,5927,2,35,7,206,136,yes,0,1,0,0,0,0,HOARD
skilled,96,5,16,4,1,1,6008,2,35,7,210,140,yes,1,1,0,0,1,0,HOARD
skilled,97,5,17,3,2,0,6116,1,35,7,212,141,yes,0,1,0,0,0,1,HOARD
skilled,98,5,18,2,2,0,6264,0,35,7,218,145,yes,0,1,0,0,0,1,HOARD
skilled,99,5,19,3,2,0,6273,0,35,7,218,145,yes,0,1,1,0,0,0,HOARD
skilled,100,5,20,2,2,0,6247,0,35,7,218,145,yes,0,1,1,0,0,0,HOARD
skilled,101,6,1,2,2,0,6316,0,35,7,219,146,yes,0,1,0,0,0,0,HOARD
skilled,102,6,2,1,3,0,6376,0,35,7,222,148,yes,0,1,0,0,0,0,HOARD
skilled,103,6,3,2,2,0,6410,1,35,7,224,148,yes,0,1,0,0,0,0,HOARD
skilled,104,6,4,3,2,0,6504,1,36,7,226,150,yes,0,1,0,0,1,0,HOARD
skilled,105,6,5,3,2,0,6572,2,36,7,229,152,yes,0,1,0,0,0,1,HOARD
skilled,106,6,6,2,2,0,6666,2,36,7,232,155,yes,0,1,0,0,0,0,HOARD
skilled,107,6,7,3,2,0,6975,2,38,8,243,162,yes,0,1,0,0,0,0,HOARD
skilled,108,6,8,2,2,0,7024,2,38,8,244,163,yes,0,1,0,0,0,0,HOARD
skilled,109,6,9,3,2,0,7058,2,39,8,246,163,yes,0,1,0,0,0,0,HOARD
skilled,110,6,10,2,2,0,7092,3,39,8,247,164,yes,0,1,0,0,0,0,HOARD
skilled,111,6,1,1,3,0,7137,3,39,8,248,164,yes,0,1,0,0,0,0,HOARD
skilled,112,6,2,3,2,0,7306,3,39,8,254,169,yes,0,1,0,0,1,0,HOARD
skilled,113,6,3,2,2,0,7340,3,39,8,256,170,yes,0,1,0,0,0,0,HOARD
skilled,114,6,4,2,2,0,7374,3,40,8,257,170,yes,0,1,0,0,0,0,HOARD
skilled,115,6,5,2,2,0,7443,3,40,8,260,173,yes,0,1,0,0,0,0,HOARD
skilled,116,6,6,2,2,0,7512,3,40,8,261,174,yes,0,1,0,0,0,0,HOARD
skilled,117,6,7,2,2,0,7581,3,40,8,264,176,yes,0,1,0,0,0,0,HOARD
skilled,118,6,8,3,2,0,7615,3,41,8,266,176,yes,0,1,0,0,0,0,HOARD
skilled,119,6,9,3,2,0,7664,3,41,8,267,177,yes,0,1,0,0,0,0,HOARD
skilled,120,6,10,3,2,0,7698,3,43,8,268,178,yes,0,1,0,0,1,0,HOARD
skilled,121,7,1,3,2,0,8047,4,43,9,281,187,yes,0,1,0,0,0,0,HOARD
skilled,122,7,2,2,2,0,8161,4,43,9,285,190,yes,0,1,0,0,0,0,HOARD
skilled,123,7,3,2,2,0,8295,4,43,9,289,192,yes,0,1,0,0,0,0,HOARD
skilled,124,7,4,2,2,0,8329,4,44,9,290,192,yes,0,1,0,0,0,0,HOARD
skilled,125,7,5,2,2,0,8363,4,44,9,292,194,yes,0,1,0,0,0,0,HOARD
skilled,126,7,6,2,2,0,8412,4,44,9,294,196,yes,0,1,0,0,0,0,HOARD
skilled,127,7,7,3,2,0,8526,4,44,9,298,198,yes,0,1,0,0,0,0,HOARD
skilled,128,7,8,2,2,0,8640,4,45,9,302,201,yes,0,1,0,0,1,0,HOARD
skilled,129,7,9,2,2,0,8708,4,45,9,303,202,yes,0,1,0,0,0,1,HOARD
skilled,130,7,10,3,2,0,8742,5,45,9,304,202,yes,0,1,0,0,0,0,HOARD
skilled,131,7,1,2,2,0,8776,5,45,9,306,204,yes,0,1,0,0,0,0,HOARD
skilled,132,7,2,1,3,0,8856,5,45,9,309,205,yes,0,1,0,0,0,0,HOARD
skilled,133,7,3,1,3,0,8981,5,45,9,313,208,yes,0,1,0,0,0,1,HOARD
skilled,134,7,4,3,2,0,9035,5,45,9,314,210,yes,0,1,0,0,0,0,HOARD
skilled,135,7,5,3,2,0,9369,5,46,10,327,218,yes,0,1,0,0,0,0,HOARD
skilled,136,7,6,2,2,0,9472,5,46,10,330,219,yes,0,1,0,0,1,1,HOARD
skilled,137,7,7,3,2,0,9521,5,46,10,332,220,yes,0,1,0,0,0,0,HOARD
skilled,138,7,8,3,2,0,9589,5,46,10,334,222,yes,0,1,0,0,0,1,HOARD
skilled,139,7,9,3,2,0,9638,5,46,10,336,224,yes,0,1,0,0,0,0,HOARD
skilled,140,7,10,2,2,0,9687,5,46,10,338,225,yes,0,1,0,0,0,0,HOARD
skilled,141,8,1,2,2,0,9756,5,46,10,340,226,yes,0,1,0,0,0,0,HOARD
skilled,142,8,2,3,2,0,9805,5,46,10,342,228,yes,0,1,0,0,0,0,HOARD
skilled,143,8,3,3,2,0,9854,5,46,10,344,229,yes,0,1,0,0,0,0,HOARD
skilled,144,8,4,2,2,0,9928,5,46,10,346,230,yes,0,1,0,0,1,0,HOARD
skilled,145,8,5,4,1,1,9954,5,47,10,346,230,yes,1,1,0,0,0,0,HOARD
skilled,146,8,6,4,1,1,10015,5,47,10,350,232,yes,1,1,0,0,0,0,HOARD
skilled,147,8,7,2,2,0,10064,5,47,10,351,233,yes,0,1,0,0,0,0,HOARD
skilled,148,8,8,3,2,0,10133,5,47,10,354,234,yes,0,1,0,0,0,0,HOARD
skilled,149,8,9,3,2,0,10202,5,47,10,356,238,yes,0,1,0,0,0,0,HOARD
skilled,150,8,10,3,2,0,10251,5,47,10,358,238,yes,0,1,0,0,0,0,HOARD
